StartDate,EndDate,Status,IPAddress,Progress,Duration (in seconds),Finished,RecordedDate,ResponseId,RecipientLastName,RecipientFirstName,RecipientEmail,ExternalReference,LocationLatitude,LocationLongitude,DistributionChannel,UserLanguage,Gender,Age,Year,Year_7_TEXT,Language,ControlQ,TreatmentQ,Q1,Q2,Q3,Q4,Q5,B1,B2,B3,B4,Compliance1,SC0
Start Date,End Date,Response Type,IP Address,Progress,Duration (in seconds),Finished,Recorded Date,Response ID,Recipient Last Name,Recipient First Name,Recipient Email,External Data Reference,Location Latitude,Location Longitude,Distribution Channel,User Language,What is your gender?,What is your age?,"Please specify your school year, if you have graduated, please specify the highest school year you have ever attended (Ex. If graduated with bachelor degree choose senior year) - Selected Choice","Please specify your school year, if you have graduated, please specify the highest school year you have ever attended (Ex. If graduated with bachelor degree choose senior year) - Other - Text",Is English your native language?,Please talk about some of the plants in you home,Please share your insights/thoughts/questions on the video briefly.,How many kinds of green plants were introduced in the video?,Which of the following plant does not introduced in the video clip? *,What is the main thesis of this clip?,What is the alias of Money Plant introduced by the speaker during the video?,"According to the video, how should we take care of an Areca Palm in a city with clean air? *",Have you previously acknowledged similar content of the talk from other sources before?,Please specify the type if device you are using when answering the survey,Are you in a quite environment when doing this survey?,Please specify the time period when you are doing this survey,"Did you finish watching the whole video? (Don't feel ashamed if you did not, its part of the survey)",Score
"{""ImportId"":""startDate"",""timeZone"":""America/Denver""}","{""ImportId"":""endDate"",""timeZone"":""America/Denver""}","{""ImportId"":""status""}","{""ImportId"":""ipAddress""}","{""ImportId"":""progress""}","{""ImportId"":""duration""}","{""ImportId"":""finished""}","{""ImportId"":""recordedDate"",""timeZone"":""America/Denver""}","{""ImportId"":""_recordId""}","{""ImportId"":""recipientLastName""}","{""ImportId"":""recipientFirstName""}","{""ImportId"":""recipientEmail""}","{""ImportId"":""externalDataReference""}","{""ImportId"":""locationLatitude""}","{""ImportId"":""locationLongitude""}","{""ImportId"":""distributionChannel""}","{""ImportId"":""userLanguage""}","{""ImportId"":""QID1""}","{""ImportId"":""QID3_TEXT""}","{""ImportId"":""QID5""}","{""ImportId"":""QID5_7_TEXT""}","{""ImportId"":""QID6""}","{""ImportId"":""QID22_TEXT""}","{""ImportId"":""QID16_TEXT""}","{""ImportId"":""QID27""}","{""ImportId"":""QID23""}","{""ImportId"":""QID24""}","{""ImportId"":""QID25""}","{""ImportId"":""QID26""}","{""ImportId"":""QID10""}","{""ImportId"":""QID11""}","{""ImportId"":""QID12""}","{""ImportId"":""QID13""}","{""ImportId"":""QID29""}","{""ImportId"":""SC_1RGqZIxB0awnL3o""}"
2021/11/30 19:23,2021/11/30 19:25,IP Address,14.26.67.92,100,103,TRUE,2021/11/30 19:25,R_324pDIQR1T51lcS,,,,,22.53179932,114.1373901,anonymous,EN,Male,Test,Master or equivalent,,No,,,,Mother-in-law's Tongue,The speaker introduced several plants that can grow fresh air,,"Can be planted in water, you don't have to wipe or clean it.",No,Smartphone,No,Morning (6am-12pm),No,1
2021/12/1 2:45,2021/12/1 2:49,IP Address,42.3.178.146,100,232,TRUE,2021/12/1 2:49,R_2CpSLtOlN66SEQC,,,,,22.290802,114.1500854,anonymous,EN,Male,24,Master or equivalent,,No,I do not have any plants in my home ,,3 kinds,Gladiolus,The speaker introduced several plants that can grow fresh air,The Bedroom Plant,"Must be planted in clean water, wipe and clean it every day",No,Smartphone,Yes,Afternoon (12pm - 6pm),Yes,3
2021/12/1 3:03,2021/12/1 3:08,IP Address,185.37.253.62,100,307,TRUE,2021/12/1 3:08,R_3kb32xbz2LUpdG7,,,,,59.43299866,24.7322998,anonymous,EN,Male,24,Master or equivalent,,No,,Are these kinds of plant can be brought in China?,3 kinds,Gladiolus,The speaker introduced several plants that can grow fresh air,The Living Room Plant,"Can be planted it in vermin manure, wipe and clean it every week",No,Smartphone,No,Night (12pm-6am),Yes,4
2021/12/1 2:52,2021/12/1 2:52,IP Address,42.3.178.146,29,9,FALSE,2021/12/1 3:52,R_2xXInKqqVBFPGK5,,,,,,,anonymous,EN,Male,24,Master or equivalent,,No,,,,,,,,,,,,,
2021/12/1 2:55,2021/12/1 2:55,IP Address,42.3.178.146,38,16,FALSE,2021/12/1 3:55,R_tKfyjZS05kWCM6d,,,,,,,anonymous,EN,Male,24,Master or equivalent,,No,,,,,,,,,,,,,
2021/12/1 2:56,2021/12/1 2:57,Spam,42.3.178.146,29,12,FALSE,2021/12/1 3:57,R_6QYC1aSfzHhlrbj,,,,,,,anonymous,EN,Male,24,Master or equivalent,,No,,,,,,,,,,,,,
2021/12/1 4:31,2021/12/1 4:32,Survey Preview,,100,60,TRUE,2021/12/1 4:32,R_PBbUVXKjz8MDEfD,,,,,45.52420044,-122.668396,preview,EN,Female,23,Freshman,,Yes,,23,3 kinds,Gladiolus,The speaker introduced several plants that can grow fresh air,The Specialist Plant,"Can be planted it in vermin manure, wipe and clean it every week",No,Tablets (iPad etc.),Yes,Evening (6pm - 12pm),No,5
2021/12/1 4:34,2021/12/1 4:41,IP Address,103.121.208.216,100,380,TRUE,2021/12/1 4:41,R_2Y8HKn96BxBdwnt,,,,,35.68870544,139.7449951,anonymous,EN,Female,25,Master or equivalent,,No,,interesting,3 kinds,Mother-in-law's Tongue,The speaker introduced several plants that can grow fresh air,The Sunshine Plant,"Can be planted it in vermin manure, wipe and clean it every week",No,Smartphone,No,Evening (6pm - 12pm),Yes,3
2021/12/1 4:40,2021/12/1 4:47,IP Address,100.33.242.4,100,433,TRUE,2021/12/1 4:47,R_yt1K1uugXaQ8Eq5,,,,,40.69400024,-73.99009705,anonymous,EN,Male,24,Master or equivalent,,No,,There are three plants that can provide our daily indoor fresh air requirement.,3 kinds,Gladiolus,The speaker introduced several plants that can grow fresh air,The Specialist Plant,"Can be planted it in vermin manure, wipe and clean it every week",No,Smartphone,Yes,Morning (6am-12pm),Yes,5
2021/12/1 4:48,2021/12/1 4:52,IP Address,156.146.98.22,100,222,TRUE,2021/12/1 4:52,R_3MniTv7pjMTkk88,,,,,43.1197052,-70.92410278,anonymous,EN,Male,22,Master or equivalent,,No,I have no plants in my home,,3 kinds,Gladiolus,The speaker introduced several plants that can grow fresh air,The Specialist Plant,"Can be planted it in vermin manure, wipe and clean it every month",No,Smartphone,Yes,Morning (6am-12pm),Yes,4
2021/12/1 4:02,2021/12/1 4:07,IP Address,112.17.247.139,38,323,FALSE,2021/12/1 5:07,R_1hDVRqfV2Ldobzn,,,,,,,anonymous,EN,Female,22,Senior,,No,,,,,,,,,,,,,
2021/12/1 4:35,2021/12/1 4:36,IP Address,43.239.85.60,41,35,FALSE,2021/12/1 5:36,R_3qVb4Zp32V0Bkt8,,,,,,,anonymous,EN,Female,22,Freshman,,Yes,,,,,,,,,,,,,
2021/12/1 4:36,2021/12/1 4:37,IP Address,43.239.85.60,41,56,FALSE,2021/12/1 5:37,R_3MScPHGJn1GZDPL,,,,,,,anonymous,EN,Prefer not to say,23,Sophomore,,Yes,,,,,,,,,,,,,
2021/12/1 4:37,2021/12/1 4:38,IP Address,43.239.85.50,36,34,FALSE,2021/12/1 5:38,R_2rllWRBj1By3OZd,,,,,,,anonymous,EN,Male,22,Freshman,,Yes,,,,,,,,,,,,,
2021/12/1 5:14,2021/12/1 5:15,IP Address,103.192.225.128,36,31,FALSE,2021/12/1 6:15,R_3NUsEbjJvE0xt5j,,,,,,,anonymous,EN,Female,21,Master or equivalent,,No,,,,,,,,,,,,,
2021/12/1 7:15,2021/12/1 7:18,IP Address,43.132.179.220,100,208,TRUE,2021/12/1 7:18,R_2mFplPs229piuvn,,,,,22.290802,114.1500854,anonymous,EN,Female,abc,Master or equivalent,,Yes,0,,3 kinds,Gladiolus,The speaker introduced several plants that can grow fresh air,The Sunshine Plant,"Can be planted it in vermin manure, wipe and clean it every week",No,Computer,Yes,Evening (6pm - 12pm),No,4
2021/12/1 7:36,2021/12/1 7:40,IP Address,80.251.211.230,100,259,TRUE,2021/12/1 7:40,R_2w14BfmFAFX9JDw,,,,,34.0493927,-118.266098,anonymous,EN,Male,25,Master or equivalent,,No,"Scindapsus, Sunflowers",,3 kinds,Gladiolus,The speaker introduced several plants that can grow fresh air,The Bedroom Plant,"Can be planted it in vermin manure, wipe and clean it every month",No,Computer,Yes,Evening (6pm - 12pm),Yes,3
2021/12/1 7:47,2021/12/1 7:54,IP Address,111.161.139.63,100,418,TRUE,2021/12/1 7:54,R_20U3znib4rpLjMA,,,,,39.14880371,117.1762085,anonymous,EN,Female,23,Master or equivalent,,No,There are roses and lilies in my living room.,,3 kinds,Gladiolus,The speaker introduced several plants that can grow fresh air,The Bedroom Plant,"Can be planted it in vermin manure, wipe and clean it every month",No,Computer,Yes,Evening (6pm - 12pm),No,3
2021/12/1 8:09,2021/12/1 8:16,IP Address,43.239.85.18,100,427,TRUE,2021/12/1 8:16,R_3nV09Wkc69mP2hi,,,,,45.52420044,-122.668396,anonymous,EN,Female,23,Master or equivalent,,No,"I dont know their names, my parents got them",,3 kinds,Gladiolus,The speaker introduced several plants that can grow fresh air,The Bedroom Plant,"Can be planted in water, you don't have to wipe or clean it.",No,Computer,Yes,Evening (6pm - 12pm),Yes,3
2021/12/1 7:34,2021/12/1 7:35,IP Address,163.125.202.171,41,37,FALSE,2021/12/1 8:35,R_3nAEw9nD6w0eI2E,,,,,,,anonymous,EN,Male,25,Master or equivalent,,No,,,,,,,,,,,,,
2021/12/1 7:35,2021/12/1 7:36,IP Address,80.251.211.230,36,30,FALSE,2021/12/1 8:36,R_11aUMqnAYkJUzop,,,,,,,anonymous,EN,Male,24,Master or equivalent,,No,,,,,,,,,,,,,
2021/12/1 7:45,2021/12/1 7:46,IP Address,111.161.139.63,36,24,FALSE,2021/12/1 8:46,R_XvbCHaBj24glLAB,,,,,,,anonymous,EN,Female,23,Master or equivalent,,No,,,,,,,,,,,,,
2021/12/1 8:42,2021/12/1 8:49,IP Address,103.82.4.190,100,410,TRUE,2021/12/1 8:49,R_31a2RoPweniODSl,,,,,34.05439758,-118.2440948,anonymous,EN,Male,23,Master or equivalent,,No,,In-door plant helps refreshing the room environment,3 kinds,Gladiolus,The speaker introduced several plants that can grow fresh air,The Specialist Plant,"Must be planted in clean water, wipe and clean it every day",No,Smartphone,Yes,Evening (6pm - 12pm),No,4
2021/12/1 8:55,2021/12/1 8:56,IP Address,112.17.240.174,100,63,TRUE,2021/12/1 8:56,R_1dazQ7RWbUCioTe,,,,,30.2993927,120.1611938,anonymous,EN,Male,22,Master or equivalent,,No,,no,1 kind,Areca Palm,The speaker introduced several plants that are easy to grow at home,The Specialist Plant,"Can be planted it in vermin manure, wipe and clean it every week",Yes,Tablets (iPad etc.),No,Evening (6pm - 12pm),No,2
2021/12/1 8:57,2021/12/1 8:58,IP Address,203.126.228.246,100,50,TRUE,2021/12/1 8:58,R_2uy1nDryhySzR3v,,,,,1.296798706,103.8049011,anonymous,EN,Female,22,Master or equivalent,,No,Fake plant,,3 kinds,Money Plant,The speaker introduced several plants that are easy to grow at home,The Bedroom Plant,"Must be planted in clean water, wipe and clean it every day",Yes,Smartphone,No,Morning (6am-12pm),No,1
2021/12/1 8:55,2021/12/1 8:58,IP Address,71.105.10.201,100,172,TRUE,2021/12/1 8:58,R_yDWCXKuXZwSGny9,,,,,40.80000305,-73.9763031,anonymous,EN,Male,23,Master or equivalent,,No,I don’t have any plant ,,3 kinds,Gladiolus,The speaker introduced several plants that can grow fresh air,The Specialist Plant,"Can be planted it in vermin manure, wipe and clean it every month",No,Smartphone,Yes,Morning (6am-12pm),No,4
2021/12/1 8:54,2021/12/1 8:59,IP Address,99.240.198.250,100,316,TRUE,2021/12/1 8:59,R_2TnR9vnGmrYWFMJ,,,,,43.790802,-79.40679932,anonymous,EN,Male,22,Senior,,No,i dont have any,,3 kinds,Gladiolus,The speaker introduced several plants that can grow fresh air,The Sunshine Plant,"Can be planted it in vermin manure, wipe and clean it every week",Yes,Smartphone,Yes,Morning (6am-12pm),Yes,4
2021/12/1 9:00,2021/12/1 9:02,IP Address,73.69.148.182,100,116,TRUE,2021/12/1 9:02,R_3mmgOWrei3SqpKo,,,,,42.33639526,-71.0326004,anonymous,EN,Female,23,Master or equivalent,,No,pine tree,,3 kinds,Gladiolus,The speaker introduced several plants that can grow fresh air,The Living Room Plant,"Can be planted in water, you don't have to wipe or clean it.",No,Smartphone,Yes,Morning (6am-12pm),No,3
2021/12/1 8:01,2021/12/1 8:02,IP Address,111.203.200.218,36,32,FALSE,2021/12/1 9:02,R_1gqMxucjSEchnkK,,,,,,,anonymous,EN,Male,22,Master or equivalent,,No,,,,,,,,,,,,,
2021/12/1 9:03,2021/12/1 9:07,IP Address,203.126.228.246,100,245,TRUE,2021/12/1 9:07,R_ULAqgLlOGbgPWJr,,,,,1.296798706,103.8049011,anonymous,EN,Female,22,Master or equivalent,,No,I don't know,,3 kinds,Gladiolus,The speaker introduced several plants that can grow fresh air,The Specialist Plant,"Can be planted it in vermin manure, wipe and clean it every month",No,Smartphone,Yes,Night (12pm-6am),Yes,4
2021/12/1 9:02,2021/12/1 9:08,IP Address,73.238.255.195,100,331,TRUE,2021/12/1 9:08,R_1dKyQemC8a4mxPO,,,,,42.36399841,-71.02649689,anonymous,EN,Female,22,Master or equivalent,,No,,"Areca plant need to be cleaned and take out of door, which I never heard before, it is quite interesting.",3 kinds,Gladiolus,The speaker introduced the compositions of air,The Bedroom Plant,"Can be planted it in vermin manure, wipe and clean it every week",No,Smartphone,Yes,Morning (6am-12pm),Yes,3
2021/12/1 9:06,2021/12/1 9:09,IP Address,101.32.183.82,100,173,TRUE,2021/12/1 9:09,R_ZEuSYAvJcH5CyM9,,,,,22.290802,114.1500854,anonymous,EN,Female,23,Master or equivalent,,No,cuuuuute and good smelling,,3 kinds,Mother-in-law's Tongue,The speaker introduced several plants that can grow fresh air,The Bedroom Plant,"Can be planted it in vermin manure, wipe and clean it every week",No,Computer,Yes,Evening (6pm - 12pm),Yes,3
2021/12/1 8:03,2021/12/1 8:09,IP Address,43.239.85.18,36,328,FALSE,2021/12/1 9:09,R_vOF1YdV473kHtrH,,,,,,,anonymous,EN,Female,23,Master or equivalent,,No,,,,,,,,,,,,,
2021/12/1 8:10,2021/12/1 8:12,IP Address,153.33.147.23,41,99,FALSE,2021/12/1 9:12,R_2pRXMM3iqZ0ttj8,,,,,,,anonymous,EN,Male,22,Master or equivalent,,No,,,,,,,,,,,,,
2021/12/1 8:13,2021/12/1 8:13,IP Address,153.33.147.23,36,14,FALSE,2021/12/1 9:13,R_rr2RSyNnfTWPkMp,,,,,,,anonymous,EN,Male,22,Master or equivalent,,No,,,,,,,,,,,,,
2021/12/1 9:18,2021/12/1 9:22,IP Address,45.56.101.45,100,263,TRUE,2021/12/1 9:22,R_qUXv5AmrKFH2r29,,,,,40.82290649,-74.459198,anonymous,EN,Male,23,Senior,,No,cactus,,3 kinds,Gladiolus,The speaker introduced several plants that are easy to grow at home,The Specialist Plant,"Can be planted it in vermin manure, wipe and clean it every month",Yes,Computer,Yes,Afternoon (12pm - 6pm),Yes,3
2021/12/1 9:35,2021/12/1 9:38,IP Address,65.51.108.18,100,158,TRUE,2021/12/1 9:38,R_1f2tfJ5PKaaxTre,,,,,37.75100708,-97.8219986,anonymous,EN,Female,22,Master or equivalent,,No,Succulents ,,2 kinds,Mother-in-law's Tongue,The speaker introduced several plants that can grow fresh air,The Living Room Plant,"Must be planted in clean water, wipe and clean it every day",No,Smartphone,Yes,Morning (6am-12pm),No,1
2021/12/1 9:35,2021/12/1 9:40,IP Address,69.6.101.172,100,286,TRUE,2021/12/1 9:40,R_2dyd6TAgTMbsL5o,,,,,44.59190369,-75.16200256,anonymous,EN,Female,22,Senior,,No,no plants,,3 kinds,Gladiolus,The speaker introduced several plants that can grow fresh air,The Sunshine Plant,"Can be planted it in vermin manure, wipe and clean it every month",No,Computer,Yes,Morning (6am-12pm),No,3
2021/12/1 8:40,2021/12/1 8:42,IP Address,103.82.4.190,41,95,FALSE,2021/12/1 9:42,R_3dE6XvMQ6OdqmVY,,,,,,,anonymous,EN,Male,23,Master or equivalent,,No,,,,,,,,,,,,,
2021/12/1 9:29,2021/12/1 9:42,IP Address,137.184.104.82,100,792,TRUE,2021/12/1 9:42,R_22tbjBtIj8Bg8pu,,,,,40.79299927,-74.02469635,anonymous,EN,Male,22,Master or equivalent,,No,,Plants are important to people's health and the CO2 that different kinds of plants need is different.,3 kinds,Gladiolus,The speaker introduced several plants that can grow fresh air,The Specialist Plant,"Can be planted it in vermin manure, wipe and clean it every week",No,Smartphone,Yes,Night (12pm-6am),Yes,5
2021/12/1 8:53,2021/12/1 8:53,IP Address,71.105.10.201,50,31,FALSE,2021/12/1 9:53,R_1EZsMiuHQm6LakY,,,,,,,anonymous,EN,Male,23,Master or equivalent,,No,,Informative ,,,,,,,,,,,
2021/12/1 8:55,2021/12/1 8:55,IP Address,71.105.10.201,27,10,FALSE,2021/12/1 9:55,R_Tqr8pDG0pQZwkr7,,,,,,,anonymous,EN,Male,23,Master or equivalent,,No,,,,,,,,,,,,,
2021/12/1 8:54,2021/12/1 8:55,IP Address,112.14.71.205,41,47,FALSE,2021/12/1 9:55,R_SIv9e6j1lvhDndT,,,,,,,anonymous,EN,Female,22,Master or equivalent,,No,,,,,,,,,,,,,
2021/12/1 9:54,2021/12/1 9:58,IP Address,71.232.156.189,100,240,TRUE,2021/12/1 9:58,R_2Pd8EAXGN1nVli1,,,,,42.34739685,-71.15820313,anonymous,EN,Female,25,Master or equivalent,,No,,How big that my bathroom is can hold up all the plants I need ? ,3 kinds,Gladiolus,The speaker introduced several plants that can grow fresh air,The Bedroom Plant,"Must be planted in clean water, wipe and clean it every day",No,Smartphone,Yes,Morning (6am-12pm),Yes,3
2021/12/1 8:58,2021/12/1 8:58,IP Address,124.197.109.163,41,26,FALSE,2021/12/1 9:58,R_1ptUbTFUPkWtiRO,,,,,,,anonymous,EN,Female,22,Freshman,,No,,,,,,,,,,,,,
2021/12/1 9:00,2021/12/1 9:01,IP Address,203.126.228.246,27,43,FALSE,2021/12/1 10:01,R_siCg3jOzGujs9jz,,,,,,,anonymous,EN,Female,23,Master or equivalent,,No,,,,,,,,,,,,,
2021/12/1 8:59,2021/12/1 9:02,IP Address,73.238.255.195,41,177,FALSE,2021/12/1 10:02,R_3nhYslNiPS37EiO,,,,,,,anonymous,EN,Female,22,Master or equivalent,,No,,,,,,,,,,,,,
2021/12/1 9:03,2021/12/1 9:03,IP Address,71.192.200.70,41,25,FALSE,2021/12/1 10:03,R_XENevd6dyeU0LwR,,,,,,,anonymous,EN,Female,22,Master or equivalent,,No,,,,,,,,,,,,,
2021/12/1 9:05,2021/12/1 9:05,IP Address,182.55.114.63,41,34,FALSE,2021/12/1 10:05,R_vNdan5LOt5s4B6F,,,,,,,anonymous,EN,Female,25,Master or equivalent,,No,,,,,,,,,,,,,
2021/12/1 9:06,2021/12/1 9:07,IP Address,203.126.228.246,50,58,FALSE,2021/12/1 10:07,R_2TWZd2DYxf1aZJZ,,,,,,,anonymous,EN,Male,23,Master or equivalent,,No,,GOOD,,,,,,,,,,,
2021/12/1 9:10,2021/12/1 9:10,IP Address,122.11.212.141,27,38,FALSE,2021/12/1 10:10,R_1HqL4AizauSaUmD,,,,,,,anonymous,EN,Female,22,Master or equivalent,,No,,,,,,,,,,,,,
2021/12/1 9:12,2021/12/1 9:13,IP Address,219.77.126.227,36,21,FALSE,2021/12/1 10:13,R_C1AWubOtV4V9qTL,,,,,,,anonymous,EN,Female,23,Master or equivalent,,No,,,,,,,,,,,,,
2021/12/1 10:10,2021/12/1 10:14,IP Address,73.61.12.74,100,229,TRUE,2021/12/1 10:14,R_1Ibh2mqvU7ASO9G,,,,,42.34640503,-71.09750366,anonymous,EN,Male,23,Master or equivalent,,No,none,,3 kinds,Gladiolus,The speaker introduced several plants that can grow fresh air,The Specialist Plant,"Can be planted it in vermin manure, wipe and clean it every week",No,Smartphone,Yes,Afternoon (12pm - 6pm),Yes,5
2021/12/1 10:08,2021/12/1 10:15,IP Address,45.114.6.15,100,390,TRUE,2021/12/1 10:15,R_3kLAXB4kAhgHURP,,,,,1.296798706,103.8049011,anonymous,EN,Male,22,Master or equivalent,,No,,we still need the indoor plants to keep our inside air quality especially for the cities which have severe air quality,4 kinds,Gladiolus,The speaker introduced several plants that can grow fresh air,The Bedroom Plant,"Must be planted in clean water, wipe and clean it every day",No,Smartphone,Yes,Night (12pm-6am),Yes,2
2021/12/1 9:22,2021/12/1 9:23,IP Address,101.127.177.21,50,35,FALSE,2021/12/1 10:23,R_2CJK8zan7oRKJhs,,,,,,,anonymous,EN,Male,22,Other,,No,me,,,,,,,,,,,,
2021/12/1 9:23,2021/12/1 9:24,IP Address,203.126.228.246,41,24,FALSE,2021/12/1 10:24,R_3htkp1adiWugOKq,,,,,,,anonymous,EN,Female,22,Master or equivalent,,No,,,,,,,,,,,,,
2021/12/1 10:50,2021/12/1 10:52,IP Address,64.136.145.86,100,129,TRUE,2021/12/1 10:52,R_2Cy1YyJl2wLrmUC,,,,,34.03219604,-118.2835999,anonymous,EN,Male,25,Master or equivalent,,No,mother‘s in law,,3 kinds,Gladiolus,The speaker introduced several plants that can decorates home,The Specialist Plant,"Can be planted it in vermin manure, wipe and clean it every month",No,Smartphone,Yes,Morning (6am-12pm),Yes,3
2021/12/1 11:14,2021/12/1 11:18,IP Address,219.75.74.50,100,230,TRUE,2021/12/1 11:18,R_DCcuIco2XX8XC3n,,,,,1.32359314,103.7908936,anonymous,EN,Female,22,Master or equivalent,,No,I do not have any plants at home.,,3 kinds,Gladiolus,The speaker introduced several plants that can grow fresh air,The Living Room Plant,"Can be planted it in vermin manure, wipe and clean it every week",No,Computer,Yes,Night (12pm-6am),Yes,4
2021/12/1 10:40,2021/12/1 10:41,IP Address,72.93.248.90,27,21,FALSE,2021/12/1 11:41,R_2VmvAE5oWA852FY,,,,,,,anonymous,EN,Female,23,Master or equivalent,,Yes,,,,,,,,,,,,,
2021/12/1 10:45,2021/12/1 10:46,IP Address,64.136.145.86,36,25,FALSE,2021/12/1 11:46,R_31jgHuUM7xBswgy,,,,,,,anonymous,EN,Male,25,Master or equivalent,,No,,,,,,,,,,,,,
2021/12/1 10:47,2021/12/1 10:48,IP Address,64.136.145.86,36,22,FALSE,2021/12/1 11:48,R_3hGwGIEWt7NO5x3,,,,,,,anonymous,EN,Male,25,Master or equivalent,,No,,,,,,,,,,,,,
2021/12/1 11:43,2021/12/1 11:50,IP Address,202.133.209.12,100,423,TRUE,2021/12/1 11:50,R_1lzWQARowjaa3vA,,,,,1.296798706,103.8049011,anonymous,EN,Female,21,Master or equivalent,,No,,3plants,3 kinds,Gladiolus,The speaker introduced several plants that can grow fresh air,The Living Room Plant,"Can be planted it in vermin manure, wipe and clean it every month",No,Smartphone,No,Night (12pm-6am),Yes,3
2021/12/1 11:10,2021/12/1 11:11,IP Address,223.73.61.121,41,57,FALSE,2021/12/1 12:11,R_11beJjo8fGvZQJP,,,,,,,anonymous,EN,Female,23,Senior,,No,,,,,,,,,,,,,
2021/12/1 13:55,2021/12/1 14:00,IP Address,94.177.118.5,100,323,TRUE,2021/12/1 14:00,R_CmFDy37d1cl60Br,,,,,34.05439758,-118.2440948,anonymous,EN,Male,25,Master or equivalent,,No,,Do these plants release CO2 at night？,3 kinds,Gladiolus,The speaker introduced several plants that can grow fresh air,The Specialist Plant,"Can be planted it in vermin manure, wipe and clean it every month",No,Smartphone,Yes,Night (12pm-6am),Yes,4
2021/12/1 13:47,2021/12/1 13:47,IP Address,68.239.58.207,36,17,FALSE,2021/12/1 14:47,R_2bIdPUFoDZ2wD8V,,,,,,,anonymous,EN,Male,23,Master or equivalent,,No,,,,,,,,,,,,,
2021/12/1 13:53,2021/12/1 13:54,IP Address,114.86.43.191,36,57,FALSE,2021/12/1 14:54,R_3qwCQcQLu4Zkr2z,,,,,,,anonymous,EN,Male,25,Master or equivalent,,No,,,,,,,,,,,,,
2021/12/1 17:45,2021/12/1 17:53,IP Address,43.245.196.68,100,435,TRUE,2021/12/1 17:53,R_BtFuDBHeCGy5QTn,,,,,34.05439758,-118.2440948,anonymous,EN,Female,21,Senior,,No,There's no plant in my home,,3 kinds,Gladiolus,The speaker introduced several plants that can grow fresh air,The Specialist Plant,"Can be planted it in vermin manure, wipe and clean it every week",No,Smartphone,Yes,Morning (6am-12pm),Yes,5
2021/12/1 18:28,2021/12/1 18:33,IP Address,107.115.17.139,100,299,TRUE,2021/12/1 18:33,R_3R49ElDgrnt1P7p,,,,,41.53819275,-72.80079651,anonymous,EN,Female,24,Master or equivalent,,No,My home has no plants,,3 kinds,Gladiolus,The speaker introduced several plants that can grow fresh air,The Specialist Plant,"Can be planted it in vermin manure, wipe and clean it every week",No,Smartphone,Yes,Evening (6pm - 12pm),Yes,5
2021/12/1 18:30,2021/12/1 18:36,IP Address,73.238.218.99,100,373,TRUE,2021/12/1 18:36,R_SP4Jp28sJEvMruh,,,,,42.32679749,-71.13410187,anonymous,EN,Male,23,Master or equivalent,,No,,Plants are very useful.,3 kinds,Gladiolus,The speaker introduced several plants that can grow fresh air,The Bedroom Plant,"Can be planted it in vermin manure, wipe and clean it every month",No,Computer,Yes,Evening (6pm - 12pm),Yes,3
2021/12/1 17:34,2021/12/1 17:36,IP Address,202.133.220.194,36,90,FALSE,2021/12/1 18:36,R_3j8aEJt3FQbQzoE,,,,,,,anonymous,EN,Female,22,Master or equivalent,,Yes,,,,,,,,,,,,,
2021/12/1 18:20,2021/12/1 18:20,IP Address,113.77.216.219,36,29,FALSE,2021/12/1 19:20,R_3JjYR3Z2k9vUrDf,,,,,,,anonymous,EN,Female,22,Master or equivalent,,No,,,,,,,,,,,,,
2021/12/1 18:31,2021/12/1 18:33,IP Address,76.24.12.118,41,165,FALSE,2021/12/1 19:34,R_2rSMLNyQy5F79bF,,,,,,,anonymous,EN,Female,23,Master or equivalent,,No,,,,,,,,,,,,,
2021/12/1 19:24,2021/12/1 19:34,IP Address,119.8.30.217,100,550,TRUE,2021/12/1 19:34,R_3QF3LBy1QVIgAKt,,,,,22.290802,114.1500854,anonymous,EN,Male,22,Senior,,No,,i learned that there are three plants that are easy to be grown and could help me get fresh air.,3 kinds,Gladiolus,The speaker introduced several plants that are easy to grow at home,The Specialist Plant,"Can be planted it in vermin manure, wipe and clean it every week",No,Computer,No,Morning (6am-12pm),Yes,4
2021/12/1 18:59,2021/12/1 19:00,IP Address,116.88.145.198,27,17,FALSE,2021/12/1 20:00,R_1jJUSUsPeMh9Rud,,,,,,,anonymous,EN,Male,23,Master or equivalent,,No,,,,,,,,,,,,,
2021/12/1 20:06,2021/12/1 20:11,IP Address,175.159.179.2,100,289,TRUE,2021/12/1 20:11,R_2DTBlIVtue88pZy,,,,,22.290802,114.1500854,anonymous,EN,Female,23,Master or equivalent,,No,,"In the video, we know that the plants are benefits for us. How many plants do people need to put inside their room to ensure the fresh air?",3 kinds,Gladiolus,The speaker introduced several plants that can grow fresh air,The Living Room Plant,"Can be planted it in vermin manure, wipe and clean it every week",No,Computer,Yes,Morning (6am-12pm),Yes,4
2021/12/1 20:16,2021/12/1 20:17,IP Address,219.75.62.78,100,53,TRUE,2021/12/1 20:17,R_3HSIPz3A3PLG36i,,,,,1.32359314,103.7908936,anonymous,EN,Female,22,Master or equivalent,,No,Apple,,1 kind,Money Plant,The speaker introduced several plants that can grow fresh air,The Bedroom Plant,"Must be planted in clean water, wipe and clean it every day",Yes,Smartphone,Yes,Morning (6am-12pm),No,1
2021/12/1 20:16,2021/12/1 20:21,IP Address,8.3.84.66,100,322,TRUE,2021/12/1 20:21,R_1pYE3gszTExvLRI,,,,,42.33880615,-71.07260132,anonymous,EN,Female,22,Master or equivalent,,No,,It can be hard to pick up information at the beginning of the video. The PowerPoint is helpful for understanding and confirming my thought.,3 kinds,Gladiolus,The speaker introduced several plants that can grow fresh air,The Living Room Plant,"Can be planted in water, you don't have to wipe or clean it.",No,Smartphone,Yes,Evening (6pm - 12pm),Yes,3
2021/12/1 19:21,2021/12/1 19:22,IP Address,223.104.68.51,36,22,FALSE,2021/12/1 20:22,R_tRmHLcM9OblN8Nb,,,,,,,anonymous,EN,Male,22,Senior,,No,,,,,,,,,,,,,
2021/12/1 19:22,2021/12/1 19:22,IP Address,223.104.68.51,36,15,FALSE,2021/12/1 20:22,R_3s5oacp5p445sYp,,,,,,,anonymous,EN,Male,22,Senior,,No,,,,,,,,,,,,,
2021/12/1 19:24,2021/12/1 19:24,IP Address,119.8.30.217,36,47,FALSE,2021/12/1 20:25,R_AdOiGZAsQulQBAR,,,,,,,anonymous,EN,Male,22,Senior,,No,,,,,,,,,,,,,
2021/12/1 19:30,2021/12/1 19:31,IP Address,47.57.235.244,36,11,FALSE,2021/12/1 20:31,R_vvFIYqLpVnsap33,,,,,,,anonymous,EN,Male,22,Senior,,No,,,,,,,,,,,,,
2021/12/1 19:52,2021/12/1 19:52,IP Address,223.73.61.121,27,13,FALSE,2021/12/1 20:52,R_5uW6LrxRrUJoEqR,,,,,,,anonymous,EN,Female,23,Senior,,No,,,,,,,,,,,,,
2021/12/1 21:49,2021/12/1 21:54,IP Address,185.205.12.210,100,302,TRUE,2021/12/1 21:54,R_23dSS2h1Xtt6ACq,,,,,34.0493927,-118.266098,anonymous,EN,Male,24,Master or equivalent,,No,Nothing special,,2 kinds,Gladiolus,The speaker introduced several plants that can grow fresh air,The Living Room Plant,"Must be planted in clean water, wipe and clean it every day",No,Smartphone,Yes,Afternoon (12pm - 6pm),Yes,2
2021/12/1 22:16,2021/12/1 22:24,IP Address,47.57.139.47,100,535,TRUE,2021/12/1 22:24,R_31NLIDNelBcdUMy,,,,,22.290802,114.1500854,anonymous,EN,Female,23,Senior,,No,,"This video provides me some information of plants in house, I developed some knowledge about how the various plants grow in the house and what they can do for air cleaning. I may choose to have these plants at home in the future, sounds very healthy for the living condition",3 kinds,Gladiolus,The speaker introduced several plants that can grow fresh air,The Bedroom Plant,"Can be planted it in vermin manure, wipe and clean it every week",No,Smartphone,No,Afternoon (12pm - 6pm),Yes,4
2021/12/1 21:25,2021/12/1 21:26,IP Address,75.102.100.37,36,25,FALSE,2021/12/1 22:26,R_ZmlQ1PVhE31PIlj,,,,,,,anonymous,EN,Male,19,Freshman,,No,,,,,,,,,,,,,
2021/12/1 21:41,2021/12/1 21:42,IP Address,172.58.222.168,36,42,FALSE,2021/12/1 22:42,R_3eqr8EjunwLezo6,,,,,,,anonymous,EN,Female,23,Master or equivalent,,No,,,,,,,,,,,,,
2021/12/1 21:45,2021/12/1 21:45,IP Address,73.119.115.156,27,25,FALSE,2021/12/1 22:45,R_sogYcoKs8cpqTOV,,,,,,,anonymous,EN,Female,26,Master or equivalent,,No,,,,,,,,,,,,,
2021/12/2 1:10,2021/12/2 1:10,IP Address,43.245.222.200,27,11,FALSE,2021/12/2 2:10,R_1QGE4RsnEp2qgMY,,,,,,,anonymous,EN,Female,23,Senior,,No,,,,,,,,,,,,,
2021/12/2 1:08,2021/12/2 1:10,IP Address,43.245.222.200,41,152,FALSE,2021/12/2 2:10,R_3RpZDvZCJxQoI20,,,,,,,anonymous,EN,Female,23,Senior,,No,,,,,,,,,,,,,
2021/12/2 8:47,2021/12/2 8:49,IP Address,27.17.201.54,100,123,TRUE,2021/12/2 8:49,R_3Rq2cBdAceKjdh2,,,,,32.05889893,118.7738037,anonymous,EN,Prefer not to say,20,Freshman,,No,,reading,1 kind,Money Plant,The speaker introduced several plants that can grow fresh air,The Living Room Plant,"Can be planted it in vermin manure, wipe and clean it every week",Yes,Smartphone,Yes,Morning (6am-12pm),No,2
2021/12/2 8:53,2021/12/2 8:55,IP Address,223.104.177.41,100,82,TRUE,2021/12/2 8:55,R_42zfUDDp6lQ7Dih,,,,,38.91220093,121.6022034,anonymous,EN,Prefer not to say,辰,Other,,Yes,good,,2 kinds,Money Plant,The speaker introduced several plants that can grow fresh air,The Bedroom Plant,"Must be planted in clean water, wipe and clean it every day",Yes,Tablets (iPad etc.),Yes,Afternoon (12pm - 6pm),Yes,1
2021/12/2 9:22,2021/12/2 9:24,IP Address,66.31.111.103,100,82,TRUE,2021/12/2 9:24,R_1ln1VJlhhAC3g4c,,,,,42.3513031,-71.36260223,anonymous,EN,Male,24,Master or equivalent,,No,,Helpful ,3 kinds,Money Plant,The speaker introduced several plants that are easy to grow at home,The Bedroom Plant,"Can be planted it in vermin manure, wipe and clean it every month",No,Smartphone,Yes,Morning (6am-12pm),No,1
2021/12/2 9:28,2021/12/2 9:33,IP Address,216.24.177.139,100,310,TRUE,2021/12/2 9:33,R_QiA3SyJ6TtqWZvb,,,,,34.04849243,-118.2528992,anonymous,EN,Female,22,Master or equivalent,,No,prickly pear,,3 kinds,Gladiolus,The speaker introduced several plants that can grow fresh air,The Bedroom Plant,"Must be planted in clean water, wipe and clean it every day",No,Smartphone,Yes,Night (12pm-6am),Yes,3
2021/12/2 9:32,2021/12/2 9:34,IP Address,117.83.213.254,100,90,TRUE,2021/12/2 9:34,R_2VrLZk9DUGZ3ADA,,,,,23.11810303,113.2539063,anonymous,EN,Male,22,Master or equivalent,,No,no plants,,3 kinds,Gladiolus,The speaker introduced several plants that can decorates home,The Specialist Plant,"Can be planted it in vermin manure, wipe and clean it every month",No,Smartphone,Yes,Night (12pm-6am),No,3
2021/12/2 9:35,2021/12/2 9:36,IP Address,42.3.178.146,100,63,TRUE,2021/12/2 9:36,R_1gbCBdgOUjwUZ7B,,,,,22.290802,114.1500854,anonymous,EN,Male,24,Master or equivalent,,No,,Having plants in my house will provide lots of benefits ,3 kinds,Gladiolus,The speaker introduced several plants that can grow fresh air,The Bedroom Plant,"Must be planted in clean water, wipe and clean it every day",Yes,Smartphone,Yes,Night (12pm-6am),Yes,3
2021/12/2 9:34,2021/12/2 9:37,IP Address,144.202.127.105,100,209,TRUE,2021/12/2 9:37,R_2TEFJyQCjd79Vo1,,,,,34.05439758,-118.2440033,anonymous,EN,Female,22,Senior,,No,None,,3 kinds,Gladiolus,The speaker introduced several plants that are easy to grow at home,The Living Room Plant,"Can be planted it in vermin manure, wipe and clean it every week",No,Smartphone,Yes,Night (12pm-6am),Yes,3
2021/12/2 9:36,2021/12/2 9:39,IP Address,96.230.190.100,100,168,TRUE,2021/12/2 9:39,R_3lPji5GXuT2kB1V,,,,,42.42799377,-71.0617981,anonymous,EN,Female,25,Master or equivalent,,No,i have none,,3 kinds,Money Plant,The speaker introduced several plants that can grow fresh air,The Bedroom Plant,"Must be planted in clean water, wipe and clean it every day",No,Tablets (iPad etc.),Yes,Afternoon (12pm - 6pm),Yes,2
2021/12/2 9:42,2021/12/2 9:43,IP Address,221.228.139.162,100,79,TRUE,2021/12/2 9:43,R_12mSJu2J7CIfSE8,,,,,32.49029541,119.9002991,anonymous,EN,Male,22,Master or equivalent,,No,,well,1 kind,Areca Palm,The speaker introduced several plants that can decorates home,The Bedroom Plant,"Can be planted it in vermin manure, wipe and clean it every week",Yes,Tablets (iPad etc.),No,Evening (6pm - 12pm),Yes,1
2021/12/2 8:45,2021/12/2 8:45,IP Address,117.152.217.160,41,41,FALSE,2021/12/2 9:45,R_zSbFl48ab5HiWCl,,,,,,,anonymous,EN,Female,23,Master or equivalent,,No,,,,,,,,,,,,,
2021/12/2 9:39,2021/12/2 9:46,IP Address,116.206.103.211,100,460,TRUE,2021/12/2 9:46,R_3F2ONTdM3dfmTv5,,,,,22.25779724,114.1657104,anonymous,EN,Female,23,Master or equivalent,,No,,"Compare to using techniques to keep the fresh air in our living environment, applying a more environmentally friendly method to help us to live in a live-sustainable society is very important. By having the plants mentioned in the video in our home will definitely improve our living standards and can also save us from high expenses of electricity or other fixed costs as long as we remember to water the flowers. ",3 kinds,Gladiolus,The speaker introduced several plants that can grow fresh air,The Sunshine Plant,"Can be planted it in vermin manure, wipe and clean it every week",No,Smartphone,Yes,Evening (6pm - 12pm),Yes,4
2021/12/2 8:45,2021/12/2 8:47,IP Address,223.104.38.6,41,104,FALSE,2021/12/2 9:47,R_1rCWtYsQR7QMYMb,,,,,,,anonymous,EN,Male,23,,,No,,,,,,,,,,,,,
2021/12/2 8:48,2021/12/2 8:48,IP Address,223.104.177.41,50,54,FALSE,2021/12/2 9:48,R_2CqRehBWQzhhPhB,,,,,,,anonymous,EN,Prefer not to say,辰,Other,,Yes,,2683818411@QQ.com,,,,,,,,,,,
2021/12/2 8:53,2021/12/2 8:54,IP Address,185.3.86.153,27,41,FALSE,2021/12/2 9:54,R_3Gy2YZaXR8ovpOJ,,,,,,,anonymous,EN,Female,23,Master or equivalent,,No,,,,,,,,,,,,,
2021/12/2 9:51,2021/12/2 9:55,IP Address,68.51.126.19,100,225,TRUE,2021/12/2 9:55,R_Xk5M1s7tkbV1Gh3,,,,,39.12150574,-86.57839966,anonymous,EN,Female,23,Master or equivalent,,No,Fig tree,,3 kinds,Gladiolus,The speaker introduced several plants that can grow fresh air,The Specialist Plant,"Must be planted in clean water, wipe and clean it every day",No,Smartphone,Yes,Morning (6am-12pm),Yes,4
2021/12/2 10:03,2021/12/2 10:07,IP Address,152.37.117.52,100,224,TRUE,2021/12/2 10:07,R_3G7cnT9dRbw460x,,,,,53.49159241,-2.30090332,anonymous,EN,Female,24,Freshman,,No,,Some succulents,3 kinds,Gladiolus,The speaker introduced several plants that can grow fresh air,The Specialist Plant,"Can be planted it in vermin manure, wipe and clean it every week",No,Smartphone,Yes,Afternoon (12pm - 6pm),Yes,5
2021/12/2 10:03,2021/12/2 10:07,IP Address,73.100.28.27,100,240,TRUE,2021/12/2 10:07,R_3Kpigx8PJQI3f17,,,,,42.36399841,-71.02649689,anonymous,EN,Male,23,Master or equivalent,,No,Money plant,,3 kinds,Gladiolus,The speaker introduced several plants that can grow fresh air,The Sunshine Plant,"Can be planted it in vermin manure, wipe and clean it every week",No,Smartphone,Yes,Afternoon (12pm - 6pm),Yes,4
2021/12/2 10:07,2021/12/2 10:12,IP Address,66.23.193.243,100,300,TRUE,2021/12/2 10:12,R_3HSvFGXlSBpxA61,,,,,39.04519653,-94.71890259,anonymous,EN,Female,26,Master or equivalent,,No,"Rose, beautiful and represents love between the couple ",,3 kinds,Gladiolus,The speaker introduced several plants that are easy to grow at home,The Specialist Plant,"Can be planted it in vermin manure, wipe and clean it every month",No,Smartphone,Yes,Night (12pm-6am),Yes,3
2021/12/2 10:27,2021/12/2 10:30,IP Address,52.140.201.91,100,144,TRUE,2021/12/2 10:30,R_OjID7nXiwcotEYN,,,,,35.68870544,139.7449951,anonymous,EN,Male,23,Master or equivalent,,No,tree，flowers,,2 kinds,Money Plant,The speaker introduced several plants that can decorates home,The Living Room Plant,"Can be planted it in vermin manure, wipe and clean it every month",No,Smartphone,Yes,Night (12pm-6am),No,
2021/12/2 9:29,2021/12/2 9:30,IP Address,109.175.214.99,41,29,FALSE,2021/12/2 10:30,R_3dS01WyhjcNoJqL,,,,,,,anonymous,EN,Female,23,Master or equivalent,,No,,,,,,,,,,,,,
2021/12/2 10:27,2021/12/2 10:32,IP Address,71.232.156.162,100,301,TRUE,2021/12/2 10:32,R_2S1vQOK9fsJgoCv,,,,,42.34739685,-71.15820313,anonymous,EN,Male,23,Master or equivalent,,No,no plants...,,3 kinds,Gladiolus,The speaker introduced several plants that can grow fresh air,The Specialist Plant,"Can be planted it in vermin manure, wipe and clean it every month",No,Computer,Yes,Afternoon (12pm - 6pm),Yes,4
2021/12/2 9:31,2021/12/2 9:32,IP Address,180.164.121.136,50,82,FALSE,2021/12/2 10:33,R_1GII1l2NBb2K9KO,,,,,,,anonymous,EN,Female,22,Senior,,No,None,,,,,,,,,,,,
2021/12/2 9:33,2021/12/2 9:33,IP Address,180.164.121.136,36,19,FALSE,2021/12/2 10:33,R_2UWN1vQMBfPkQsH,,,,,,,anonymous,EN,Female,22,Senior,,No,,,,,,,,,,,,,
2021/12/2 9:30,2021/12/2 9:34,IP Address,167.98.254.180,41,194,FALSE,2021/12/2 10:34,R_3KwsIaJdVbLOB9V,,,,,,,anonymous,EN,Male,28,Master or equivalent,,No,,,,,,,,,,,,,
2021/12/2 10:36,2021/12/2 10:38,IP Address,122.232.241.223,100,88,TRUE,2021/12/2 10:38,R_vZXHKZabilIzpJv,,,,,28.956604,118.8569946,anonymous,EN,Female,23,Master or equivalent,,No,no,,3 kinds,Gladiolus,The speaker introduced several plants that can grow fresh air,The Bedroom Plant,"Must be planted in clean water, wipe and clean it every day",No,Smartphone,Yes,Night (12pm-6am),Yes,3
2021/12/2 10:45,2021/12/2 10:51,IP Address,24.147.110.243,100,316,TRUE,2021/12/2 10:51,R_2PaNu5k7ggt4Hon,,,,,42.34739685,-71.15820313,anonymous,EN,Female,25,Master or equivalent,,No,I have a peace lily in my bedroom,,3 kinds,Gladiolus,The speaker introduced several plants that can grow fresh air,The Sunshine Plant,"Can be planted it in vermin manure, wipe and clean it every week",No,Smartphone,Yes,Afternoon (12pm - 6pm),Yes,4
2021/12/2 9:52,2021/12/2 9:56,IP Address,152.37.117.52,50,212,FALSE,2021/12/2 10:56,R_OuHJ1CDR6gsItDH,,,,,,,anonymous,EN,Female,24,Freshman,,No,some succulents,,,,,,,,,,,,
2021/12/2 9:57,2021/12/2 9:57,IP Address,134.41.25.144,27,34,FALSE,2021/12/2 10:57,R_Q4jD0csXXXYVmhz,,,,,,,anonymous,EN,Female,22,Sophomore,,No,,,,,,,,,,,,,
2021/12/2 9:57,2021/12/2 9:58,IP Address,117.32.136.237,27,33,FALSE,2021/12/2 10:58,R_2aXFK1MecIkFaVA,,,,,,,anonymous,EN,Female,22,Master or equivalent,,No,,,,,,,,,,,,,
2021/12/2 9:58,2021/12/2 10:00,IP Address,152.37.117.52,50,151,FALSE,2021/12/2 11:00,R_1oGDmLFtJ789rEI,,,,,,,anonymous,EN,Female,24,Freshman,,No,Some succulents,,,,,,,,,,,,
2021/12/2 10:03,2021/12/2 10:04,IP Address,180.158.12.186,41,73,FALSE,2021/12/2 11:04,R_siHyQBp26BToqmB,,,,,,,anonymous,EN,Female,26,Master or equivalent,,No,,,,,,,,,,,,,
2021/12/2 10:04,2021/12/2 10:04,IP Address,107.77.225.172,36,23,FALSE,2021/12/2 11:05,R_3JpX9jCpqNIYTiT,,,,,,,anonymous,EN,Female,22,Master or equivalent,,No,,,,,,,,,,,,,
2021/12/2 10:04,2021/12/2 10:05,IP Address,180.158.12.186,36,37,FALSE,2021/12/2 11:05,R_zYk22nNoavlJLd7,,,,,,,anonymous,EN,Female,26,Master or equivalent,,No,,,,,,,,,,,,,
2021/12/2 10:16,2021/12/2 10:17,IP Address,59.59.93.84,27,59,FALSE,2021/12/2 11:17,R_3szTiZdCe6x8bOc,,,,,,,anonymous,EN,Male,24,,,No,,,,,,,,,,,,,
2021/12/2 11:12,2021/12/2 11:17,IP Address,98.43.81.176,100,305,TRUE,2021/12/2 11:17,R_2YnCN6lEtEcvRuM,,,,,39.92410278,-105.0639038,anonymous,EN,Male,23,Master or equivalent,,No,,bedroom plant converts co2 to oxygen at night due to big leaf,2 kinds,Gladiolus,The speaker introduced several plants that can grow fresh air,The Living Room Plant,"Must be planted in clean water, wipe and clean it every day",No,Computer,Yes,Morning (6am-12pm),Yes,2
2021/12/2 11:17,2021/12/2 11:22,IP Address,42.108.255.149,100,259,TRUE,2021/12/2 11:22,R_2TpBp5uodPKysW3,,,,,18.61610413,73.72860718,anonymous,EN,Male,21,Junior,,Yes,,If the research behind the plants's oxygen production is true more people should be made aware about it.,3 kinds,Gladiolus,The speaker introduced several plants that can grow fresh air,The Specialist Plant,"Can be planted it in vermin manure, wipe and clean it every week",No,Smartphone,Yes,Evening (6pm - 12pm),Yes,5
2021/12/2 10:23,2021/12/2 10:23,IP Address,155.41.55.27,36,21,FALSE,2021/12/2 11:23,R_1kGOKmiZGO7Sgr6,,,,,,,anonymous,EN,Female,18,Freshman,,No,,,,,,,,,,,,,
2021/12/2 10:23,2021/12/2 10:24,IP Address,101.86.55.50,41,38,FALSE,2021/12/2 11:24,R_3Kwls6J8xSxCRaj,,,,,,,anonymous,EN,Female,19,Freshman,,No,,,,,,,,,,,,,
2021/12/2 11:23,2021/12/2 11:26,IP Address,172.58.219.46,100,171,TRUE,2021/12/2 11:26,R_1HjzmeJuiP94GCd,,,,,42.35620117,-71.06310272,anonymous,EN,Female,27,Master or equivalent,,No,I have Stuckyi in my home. ,,3 kinds,Mother-in-law's Tongue,The speaker introduced several plants that can grow fresh air,The Specialist Plant,"Can be planted it in vermin manure, wipe and clean it every week",No,Smartphone,No,Afternoon (12pm - 6pm),No,4
2021/12/2 11:23,2021/12/2 11:27,IP Address,50.126.72.202,100,275,TRUE,2021/12/2 11:27,R_tKcDyhdpvhjN3Ud,,,,,45.31019592,-122.9669952,anonymous,EN,Female,48,Other,Some college,Yes,Sadly I have no plants inside. My cats eat them. ,,3 kinds,Gladiolus,The speaker introduced several plants that can grow fresh air,The Specialist Plant,"Can be planted it in vermin manure, wipe and clean it every week",No,Smartphone,Yes,Morning (6am-12pm),Yes,5
2021/12/2 10:29,2021/12/2 10:29,IP Address,174.196.211.241,36,33,FALSE,2021/12/2 11:29,R_3neDNFSkFOKgNpm,,,,,,,anonymous,EN,Prefer not to say,18,Freshman,,No,,,,,,,,,,,,,
2021/12/2 10:41,2021/12/2 10:43,IP Address,73.135.135.49,41,117,FALSE,2021/12/2 11:43,R_1rPTVRjExjjmTcA,,,,,,,anonymous,EN,Female,23,Master or equivalent,,No,,,,,,,,,,,,,
2021/12/2 12:09,2021/12/2 12:13,IP Address,24.60.252.118,100,222,TRUE,2021/12/2 12:13,R_BDQxyJ5m6G6fnc5,,,,,42.32679749,-71.13410187,anonymous,EN,Male,25,Master or equivalent,,Yes,"A lot of plants, but I don't know much about them.",,3 kinds,Gladiolus,The speaker introduced several plants that can grow fresh air,The Specialist Plant,"Can be planted it in vermin manure, wipe and clean it every month",No,Computer,Yes,Afternoon (12pm - 6pm),Yes,4
2021/12/2 12:09,2021/12/2 12:13,IP Address,67.249.82.90,100,247,TRUE,2021/12/2 12:13,R_1kRcXGQDkit78DE,,,,,42.44439697,-76.49259949,anonymous,EN,Female,20,Freshman,,Yes,,"After watching this video, I have a deeper appreciation for plants. I personally do not have any plants in my house but maybe I will consider buying one after this video.",3 kinds,Gladiolus,The speaker introduced several plants that can grow fresh air,The Specialist Plant,"Must be planted in clean water, wipe and clean it every day",No,Smartphone,Yes,Afternoon (12pm - 6pm),Yes,4
2021/12/2 11:12,2021/12/2 11:15,IP Address,42.108.255.149,50,207,FALSE,2021/12/2 12:15,R_plO9xtJZtWXQMWl,,,,,,,anonymous,EN,Male,21,Junior,,No,,"If the research behind the facts mentioned about the plants and their oxygen production is true, more people should be made aware about it.",,,,,,,,,,,
2021/12/2 11:15,2021/12/2 11:17,IP Address,172.58.219.46,50,94,FALSE,2021/12/2 12:17,R_2uQ9SnegFnQe1y1,,,,,,,anonymous,EN,Female,27,Master or equivalent,,No,Stuckyi,,,,,,,,,,,,
2021/12/2 11:17,2021/12/2 11:19,IP Address,172.58.219.46,41,120,FALSE,2021/12/2 12:19,R_1CC5EfNdo9siTIH,,,,,,,anonymous,EN,Female,27,Master or equivalent,,No,,,,,,,,,,,,,
2021/12/2 11:18,2021/12/2 11:19,IP Address,49.36.109.240,41,73,FALSE,2021/12/2 12:19,R_9SGU5SsopfoSlwJ,,,,,,,anonymous,EN,Female,18,Freshman,,No,,,,,,,,,,,,,
2021/12/2 11:27,2021/12/2 11:28,IP Address,50.126.72.202,36,19,FALSE,2021/12/2 12:28,R_pmYhyqgmpQJQKjL,,,,,,,anonymous,EN,Female,45,Phd or equivalent,,Yes,,,,,,,,,,,,,
2021/12/2 11:29,2021/12/2 11:29,IP Address,76.19.20.198,27,16,FALSE,2021/12/2 12:29,R_1I5V9TCU2ckYMB0,,,,,,,anonymous,EN,Female,22,Master or equivalent,,No,,,,,,,,,,,,,
2021/12/2 11:30,2021/12/2 11:30,IP Address,73.208.149.92,27,20,FALSE,2021/12/2 12:30,R_9pgXZi96BbBjvup,,,,,,,anonymous,EN,Female,22,Master or equivalent,,No,,,,,,,,,,,,,
2021/12/2 11:39,2021/12/2 11:40,IP Address,119.164.12.146,41,21,FALSE,2021/12/2 12:40,R_3NLhNOJ2gHy86l5,,,,,,,anonymous,EN,Female,19,Sophomore,,No,,,,,,,,,,,,,
2021/12/2 12:09,2021/12/2 12:09,IP Address,5.151.46.38,41,28,FALSE,2021/12/2 13:09,R_2ZQTR2aJIC9UQSm,,,,,,,anonymous,EN,Female,23,Master or equivalent,,No,,,,,,,,,,,,,
2021/12/2 13:11,2021/12/2 13:13,IP Address,207.151.52.79,100,148,TRUE,2021/12/2 13:13,R_3JkIEhz46dbpqsm,,,,,34.03219604,-118.2835999,anonymous,EN,Male,21,Master or equivalent,,No,the video is talking about three green plant that can grow the fresh air we need indoors,,3 kinds,Gladiolus,The speaker introduced several plants that can grow fresh air,The Living Room Plant,"Can be planted it in vermin manure, wipe and clean it every month",No,Computer,Yes,Afternoon (12pm - 6pm),Yes,3
2021/12/2 13:06,2021/12/2 13:08,IP Address,207.151.52.79,41,155,FALSE,2021/12/2 14:08,R_1rq4K9vNfwBdOXe,,,,,,,anonymous,EN,Male,21,Master or equivalent,,No,,,,,,,,,,,,,
2021/12/2 13:08,2021/12/2 13:11,IP Address,207.151.52.79,50,154,FALSE,2021/12/2 14:11,R_3CW2SjpPKZRrPeu,,,,,,,anonymous,EN,Male,21,Master or equivalent,,No,the video is talking about three green plant that can grow the fresh air we need indoors,,,,,,,,,,,,
2021/12/2 14:29,2021/12/2 14:30,IP Address,101.87.32.21,100,70,TRUE,2021/12/2 14:30,R_3mlSpVke1w3bD0M,,,,,31.04420471,121.4053955,anonymous,EN,Female,23,Junior,,No,,it is great,2 kinds,Gladiolus,The speaker introduced several plants that can grow fresh air,The Bedroom Plant,"Can be planted it in vermin manure, wipe and clean it every week",No,Smartphone,No,Morning (6am-12pm),No,3
2021/12/2 16:10,2021/12/2 16:14,IP Address,2.99.64.229,100,254,TRUE,2021/12/2 16:14,R_2D1Fzw7EFoEF7vW,,,,,55.8802948,-4.305496216,anonymous,EN,Female,21,Master or equivalent,,No,,There are so many kinds of plants,3 kinds,Gladiolus,The speaker introduced several plants that can grow fresh air,The Specialist Plant,"Can be planted it in vermin manure, wipe and clean it every week",No,Smartphone,Yes,Evening (6pm - 12pm),Yes,5
2021/12/2 16:19,2021/12/2 16:21,IP Address,39.181.135.70,100,175,TRUE,2021/12/2 16:21,R_1i2o0aoOk9h8lZq,,,,,29.53990173,118.5314941,anonymous,EN,Female,24,Other,大四,No,被照顾的挺好,,3 kinds,Areca Palm,The speaker introduced several plants that are easy to grow at home,The Sunshine Plant,"Can be planted it in vermin manure, wipe and clean it every month",No,Smartphone,Yes,Morning (6am-12pm),No,1
2021/12/2 15:35,2021/12/2 15:36,IP Address,223.104.176.36,41,33,FALSE,2021/12/2 16:36,R_2U5SL7OyAmLozzI,,,,,,,anonymous,EN,Male,16,Sophomore,,Yes,,,,,,,,,,,,,
2021/12/2 16:36,2021/12/2 16:42,IP Address,73.119.23.117,100,314,TRUE,2021/12/2 16:42,R_21FVZ4cP1O5oYIb,,,,,42.35400391,-71.18499756,anonymous,EN,Female,32,Phd or equivalent,,No,,Growing green plants can help breathing fresh air.,3 kinds,Gladiolus,The speaker introduced several plants that can grow fresh air,The Sunshine Plant,"Can be planted it in vermin manure, wipe and clean it every month",No,Smartphone,Yes,Evening (6pm - 12pm),Yes,3
2021/12/2 17:26,2021/12/2 17:27,IP Address,155.41.88.42,100,63,TRUE,2021/12/2 17:27,R_5paXRsZKlryCVIl,,,,,42.34640503,-71.09750366,anonymous,EN,Male,24,Master or equivalent,,No,,Interesting toopic,2 kinds,Money Plant,The speaker introduced several plants that can grow fresh air,The Specialist Plant,"Must be planted in clean water, wipe and clean it every day",No,Smartphone,No,Night (12pm-6am),No,2
2021/12/2 17:29,2021/12/2 17:29,IP Address,122.224.29.105,100,46,TRUE,2021/12/2 17:29,R_tGwNUrC4SwQhzI5,,,,,30.01359558,120.5750122,anonymous,EN,Male,22,Sophomore,,Yes,no,,1 kind,Money Plant,The speaker introduced several plants that can decorates home,The Specialist Plant,"Can be planted it in vermin manure, wipe and clean it every month",Yes,Tablets (iPad etc.),No,Evening (6pm - 12pm),Yes,1
2021/12/2 16:42,2021/12/2 16:42,IP Address,174.197.202.91,36,22,FALSE,2021/12/2 17:42,R_3PLxm621uOF6SyR,,,,,,,anonymous,EN,Female,23,Senior,,No,,,,,,,,,,,,,
2021/12/2 16:47,2021/12/2 16:49,IP Address,112.17.247.121,27,83,FALSE,2021/12/2 17:49,R_XpnbFKK2kukVbvb,,,,,,,anonymous,EN,Female,21,Senior,,No,,,,,,,,,,,,,
2021/12/2 17:07,2021/12/2 17:07,IP Address,5.151.174.163,36,21,FALSE,2021/12/2 18:07,R_2VpSI1qohAZtxNR,,,,,,,anonymous,EN,Female,24,Master or equivalent,,No,,,,,,,,,,,,,
2021/12/2 17:13,2021/12/2 17:15,IP Address,218.188.148.54,50,148,FALSE,2021/12/2 18:15,R_pix0IUYSZs2JhMl,,,,,,,anonymous,EN,Male,25,Senior,,No,ginko,,,,,,,,,,,,
2021/12/2 17:16,2021/12/2 17:16,IP Address,218.188.148.54,27,11,FALSE,2021/12/2 18:16,R_3oGZQysSmxfLq5R,,,,,,,anonymous,EN,Male,25,Senior,,No,,,,,,,,,,,,,
2021/12/2 18:36,2021/12/2 18:38,IP Address,103.192.225.190,100,157,TRUE,2021/12/2 18:38,R_2a91Ns3AcVJJRmX,,,,,22.25779724,114.1657104,anonymous,EN,Female,21,Master or equivalent,,No,My hometown has a really hot seasonality and the plants there are well adapted to the weather.,,3 kinds,Mother-in-law's Tongue,The speaker introduced several plants that can decorates home,The Bedroom Plant,"Must be planted in clean water, wipe and clean it every day",No,Tablets (iPad etc.),Yes,Afternoon (12pm - 6pm),No,1
2021/12/2 18:11,2021/12/2 18:12,IP Address,182.102.137.137,41,54,FALSE,2021/12/2 19:12,R_1obhrPr1hl61Sye,,,,,,,anonymous,EN,Female,18,Other,江西工程学院,No,,,,,,,,,,,,,
2021/12/2 18:13,2021/12/2 18:13,IP Address,112.13.63.7,27,15,FALSE,2021/12/2 19:13,R_1QuZVpf2rzDTSTm,,,,,,,anonymous,EN,Female,23,Master or equivalent,,No,,,,,,,,,,,,,
2021/12/2 18:14,2021/12/2 18:15,IP Address,218.205.55.168,50,52,FALSE,2021/12/2 19:15,R_24uV8lDbpAeAkT9,,,,,,,anonymous,EN,Female,21,Master or equivalent,,No,trees,,,,,,,,,,,,
2021/12/2 18:22,2021/12/2 18:23,IP Address,111.198.122.242,50,80,FALSE,2021/12/2 19:23,R_1n7KsMYXHoD4POP,,,,,,,anonymous,EN,Male,21,Junior,,No,木兰花,,,,,,,,,,,,
2021/12/2 18:35,2021/12/2 18:35,IP Address,114.254.1.52,36,16,FALSE,2021/12/2 19:35,R_3nlucbRI6oV8DPT,,,,,,,anonymous,EN,Female,21,Master or equivalent,,No,,,,,,,,,,,,,
2021/12/2 18:37,2021/12/2 18:38,IP Address,172.58.220.81,27,18,FALSE,2021/12/2 19:38,R_8hOvn37ODS5nbjj,,,,,,,anonymous,EN,Female,18,Freshman,,No,,,,,,,,,,,,,
2021/12/2 18:52,2021/12/2 18:55,IP Address,49.66.19.172,41,176,FALSE,2021/12/2 19:55,R_1FEW1tLQ71yOOmB,,,,,,,anonymous,EN,Female,17,Senior,,No,,,,,,,,,,,,,
2021/12/2 19:58,2021/12/2 20:24,IP Address,73.167.118.167,100,1599,TRUE,2021/12/2 20:24,R_2rTlwTb7QSMzasr,,,,,42.36489868,-71.09870148,anonymous,EN,Female,22,Master or equivalent,,No,Phalaenopsis，chlorophytum comosum，karlenchoe,,3 kinds,Gladiolus,The speaker introduced several plants that can grow fresh air,The Specialist Plant,"Can be planted it in vermin manure, wipe and clean it every week",Yes,Computer,Yes,Evening (6pm - 12pm),No,5
2021/12/2 19:47,2021/12/2 19:47,IP Address,115.207.47.235,36,27,FALSE,2021/12/2 20:47,R_tSg2GusFlQdsj85,,,,,,,anonymous,EN,Male,22,Master or equivalent,,No,,,,,,,,,,,,,
2021/12/2 20:21,2021/12/2 20:25,IP Address,73.167.118.167,36,192,FALSE,2021/12/2 21:25,R_2f9zDYhsyCzo8xa,,,,,,,anonymous,EN,Male,1,Sophomore,,Yes,,,,,,,,,,,,,
2021/12/2 21:24,2021/12/2 21:27,IP Address,155.41.72.103,100,180,TRUE,2021/12/2 21:27,R_1Fy5NuKEZ480Ktg,,,,,42.34640503,-71.09750366,anonymous,EN,Female,19,Freshman,,No,tomatoes,,3 kinds,Money Plant,The speaker introduced several plants that can grow fresh air,The Specialist Plant,"Can be planted it in vermin manure, wipe and clean it every month",No,Smartphone,No,Evening (6pm - 12pm),Yes,3
2021/12/2 21:26,2021/12/2 21:29,IP Address,76.19.20.198,100,194,TRUE,2021/12/2 21:29,R_CfbZx2o3H4mzdxT,,,,,42.33639526,-71.0326004,anonymous,EN,Female,22,Master or equivalent,,No,,Plants can be used like air refresher. It's interesting.,3 kinds,Gladiolus,The speaker introduced several plants that can grow fresh air,The Living Room Plant,"Can be planted in water, you don't have to wipe or clean it.",No,Computer,Yes,Evening (6pm - 12pm),Yes,3
2021/12/2 20:55,2021/12/2 20:57,IP Address,223.104.9.224,41,113,FALSE,2021/12/2 21:57,R_AtJ7Ix7eFEJQyXL,,,,,,,anonymous,EN,Female,22,Other,三年,No,,,,,,,,,,,,,
2021/12/2 22:36,2021/12/2 22:42,IP Address,175.159.126.64,100,346,TRUE,2021/12/2 22:42,R_2CjKXd6EwKPhT3J,,,,,22.290802,114.1500854,anonymous,EN,Male,24,Master or equivalent,,No,there are some green plants without flowers in our lounge,,3 kinds,Gladiolus,The speaker introduced several plants that can grow fresh air,The Living Room Plant,"Must be planted in clean water, wipe and clean it every day",No,Smartphone,No,Afternoon (12pm - 6pm),Yes,3
2021/12/2 23:06,2021/12/2 23:10,IP Address,103.200.113.43,100,290,TRUE,2021/12/2 23:10,R_1dAhoWVpbRiE4pK,,,,,22.25779724,114.1657104,anonymous,EN,Male,24,Senior,,No,,areca plant can remove co2 and produce oxygen. Good,3 kinds,Gladiolus,The speaker introduced several plants that can grow fresh air,The Living Room Plant,"Must be planted in clean water, wipe and clean it every day",No,Computer,No,Afternoon (12pm - 6pm),Yes,3
2021/12/2 22:32,2021/12/2 22:34,IP Address,175.159.126.64,41,96,FALSE,2021/12/2 23:34,R_1Lh8oQ8dBsikWSV,,,,,,,anonymous,EN,Male,24,Master or equivalent,,No,,,,,,,,,,,,,
2021/12/2 22:43,2021/12/2 22:46,IP Address,36.18.234.231,41,165,FALSE,2021/12/2 23:46,R_TkdEvRSKGhHp9gB,,,,,,,anonymous,EN,Male,22,Junior,,No,,,,,,,,,,,,,